date,repo,clones,uniques
2026-04-18,Darkaiser2/app1-control-change-assistant,0,0
2026-04-18,Darkaiser2/app2-algotrader,20,1
2026-04-18,Darkaiser2/ccna-sim,0,0
2026-04-18,Darkaiser2/claude-memory,0,0
2026-04-18,Darkaiser2/portfolio,1,1
2026-04-18,Darkaiser2/portfolio-chat-server,1,1
2026-04-19,Darkaiser2/app1-control-change-assistant,0,0
2026-04-19,Darkaiser2/app2-algotrader,7,1
2026-04-19,Darkaiser2/ccna-sim,0,0
2026-04-19,Darkaiser2/claude-memory,0,0
2026-04-19,Darkaiser2/portfolio,1,1
2026-04-19,Darkaiser2/portfolio-chat-server,0,0
2026-04-20,Darkaiser2/app1-control-change-assistant,0,0
2026-04-20,Darkaiser2/app2-algotrader,13,1
2026-04-20,Darkaiser2/ccna-sim,0,0
2026-04-20,Darkaiser2/claude-memory,0,0
2026-04-20,Darkaiser2/gh-traffic-logger,0,0
2026-04-20,Darkaiser2/portfolio,3,2
2026-04-20,Darkaiser2/portfolio-chat-server,0,0
2026-04-21,Darkaiser2/app1-control-change-assistant,0,0
2026-04-21,Darkaiser2/app2-algotrader,0,0
2026-04-21,Darkaiser2/ccna-sim,0,0
2026-04-21,Darkaiser2/claude-memory,0,0
2026-04-21,Darkaiser2/gh-traffic-logger,0,0
2026-04-21,Darkaiser2/portfolio,1,1
2026-04-21,Darkaiser2/portfolio-chat-server,1,1
2026-04-22,Darkaiser2/app1-control-change-assistant,0,0
2026-04-22,Darkaiser2/app2-algotrader,0,0
2026-04-22,Darkaiser2/ccna-sim,0,0
2026-04-22,Darkaiser2/claude-memory,0,0
2026-04-22,Darkaiser2/gh-traffic-logger,0,0
2026-04-22,Darkaiser2/portfolio,0,0
2026-04-22,Darkaiser2/portfolio-chat-server,0,0
2026-04-23,Darkaiser2/app1-control-change-assistant,0,0
2026-04-23,Darkaiser2/app2-algotrader,0,0
2026-04-23,Darkaiser2/ccna-sim,0,0
2026-04-23,Darkaiser2/claude-memory,0,0
2026-04-23,Darkaiser2/gh-traffic-logger,0,0
2026-04-23,Darkaiser2/portfolio,47,8
2026-04-23,Darkaiser2/portfolio-chat-server,14,4
2026-04-24,Darkaiser2/app1-control-change-assistant,0,0
2026-04-24,Darkaiser2/app2-algotrader,6,2
2026-04-24,Darkaiser2/ccna-sim,0,0
2026-04-24,Darkaiser2/claude-memory,0,0
2026-04-24,Darkaiser2/gh-traffic-logger,0,0
2026-04-24,Darkaiser2/portfolio,0,0
2026-04-24,Darkaiser2/portfolio-chat-server,0,0
2026-04-25,Darkaiser2/app1-control-change-assistant,0,0
2026-04-25,Darkaiser2/app2-algotrader,0,0
2026-04-25,Darkaiser2/ccna-sim,0,0
2026-04-25,Darkaiser2/claude-memory,0,0
2026-04-25,Darkaiser2/gh-traffic-logger,0,0
2026-04-25,Darkaiser2/portfolio,5,5
2026-04-25,Darkaiser2/portfolio-chat-server,2,2
2026-04-26,Darkaiser2/app1-control-change-assistant,0,0
2026-04-26,Darkaiser2/app2-algotrader,0,0
2026-04-26,Darkaiser2/ccna-sim,0,0
2026-04-26,Darkaiser2/claude-memory,0,0
2026-04-26,Darkaiser2/gh-traffic-logger,0,0
2026-04-26,Darkaiser2/portfolio,1,1
2026-04-26,Darkaiser2/portfolio-chat-server,0,0
2026-04-27,Darkaiser2/app1-control-change-assistant,0,0
2026-04-27,Darkaiser2/app2-algotrader,2,2
2026-04-27,Darkaiser2/ccna-sim,0,0
2026-04-27,Darkaiser2/claude-memory,0,0
2026-04-27,Darkaiser2/gh-traffic-logger,0,0
2026-04-27,Darkaiser2/portfolio,2,2
2026-04-27,Darkaiser2/portfolio-chat-server,1,1
2026-04-28,Darkaiser2/app1-control-change-assistant,0,0
2026-04-28,Darkaiser2/app2-algotrader,0,0
2026-04-28,Darkaiser2/ccna-sim,0,0
2026-04-28,Darkaiser2/claude-memory,0,0
2026-04-28,Darkaiser2/gh-traffic-logger,0,0
2026-04-28,Darkaiser2/portfolio,1,1
2026-04-28,Darkaiser2/portfolio-chat-server,0,0
2026-04-29,Darkaiser2/app1-control-change-assistant,0,0
2026-04-29,Darkaiser2/app2-algotrader,0,0
2026-04-29,Darkaiser2/ccna-sim,0,0
2026-04-29,Darkaiser2/claude-memory,0,0
2026-04-29,Darkaiser2/gh-traffic-logger,0,0
2026-04-29,Darkaiser2/portfolio,0,0
2026-04-29,Darkaiser2/portfolio-chat-server,0,0
2026-04-30,Darkaiser2/app1-control-change-assistant,0,0
2026-04-30,Darkaiser2/app2-algotrader,1,1
2026-04-30,Darkaiser2/ccna-sim,0,0
2026-04-30,Darkaiser2/claude-memory,0,0
2026-04-30,Darkaiser2/gh-traffic-logger,0,0
2026-04-30,Darkaiser2/portfolio,20,5
2026-04-30,Darkaiser2/portfolio-chat-server,10,3
2026-05-01,Darkaiser2/app1-control-change-assistant,0,0
2026-05-01,Darkaiser2/app2-algotrader,0,0
2026-05-01,Darkaiser2/ccna-sim,0,0
2026-05-01,Darkaiser2/claude-memory,0,0
2026-05-01,Darkaiser2/gh-traffic-logger,0,0
2026-05-01,Darkaiser2/portfolio,41,4
2026-05-01,Darkaiser2/portfolio-chat-server,1,1
2026-05-02,Darkaiser2/app1-control-change-assistant,0,0
2026-05-02,Darkaiser2/app2-algotrader,0,0
2026-05-02,Darkaiser2/ccna-sim,0,0
2026-05-02,Darkaiser2/claude-memory,0,0
2026-05-02,Darkaiser2/gh-traffic-logger,0,0
2026-05-02,Darkaiser2/portfolio,0,0
2026-05-02,Darkaiser2/portfolio-chat-server,0,0
2026-05-03,Darkaiser2/app1-control-change-assistant,0,0
2026-05-03,Darkaiser2/app2-algotrader,0,0
2026-05-03,Darkaiser2/claude-memory,0,0
2026-05-03,Darkaiser2/gh-traffic-logger,118,61
2026-05-03,Darkaiser2/portfolio,34,17
2026-05-03,Darkaiser2/portfolio-chat-server,1,1
2026-05-04,Darkaiser2/app1-control-change-assistant,0,0
2026-05-04,Darkaiser2/app2-algotrader,2,1
2026-05-04,Darkaiser2/claude-memory,0,0
2026-05-04,Darkaiser2/gh-traffic-logger,17,9
2026-05-04,Darkaiser2/portfolio,1,1
2026-05-04,Darkaiser2/portfolio-chat-server,0,0
2026-05-05,Darkaiser2/app2-algotrader,0,0
2026-05-05,Darkaiser2/gh-traffic-logger,17,8
2026-05-05,Darkaiser2/portfolio,2,2
2026-05-05,Darkaiser2/portfolio-chat-server,1,1
2026-05-06,Darkaiser2/app2-algotrader,0,0
2026-05-06,Darkaiser2/gh-traffic-logger,16,9
2026-05-06,Darkaiser2/portfolio,4,4
2026-05-06,Darkaiser2/portfolio-chat-server,0,0
2026-05-07,Darkaiser2/app2-algotrader,0,0
2026-05-07,Darkaiser2/gh-traffic-logger,17,10
2026-05-07,Darkaiser2/portfolio,1,1
2026-05-07,Darkaiser2/portfolio-chat-server,0,0
2026-05-08,Darkaiser2/app2-algotrader,1,1
2026-05-08,Darkaiser2/gh-traffic-logger,16,11
2026-05-08,Darkaiser2/portfolio,0,0
2026-05-08,Darkaiser2/portfolio-chat-server,0,0
