snapshot_date,repo,path,title,count,uniques
2026-05-03,Darkaiser2/app1-control-change-assistant,/Darkaiser2/app1-control-change-assistant,Overview,2,1
2026-05-03,Darkaiser2/app2-algotrader,/Darkaiser2/app2-algotrader,Overview,2,1
2026-05-03,Darkaiser2/app2-algotrader,/Darkaiser2/app2-algotrader/commit/618697e4d14a5127243f9fb25156e11e562437cb,/commit/618697e4d14a5127243f9fb25156e11e562437cb,1,1
2026-05-03,Darkaiser2/ccna-sim,/Darkaiser2/ccna-sim,Overview,1,1
2026-05-03,Darkaiser2/claude-memory,/Darkaiser2/claude-memory,Overview,1,1
2026-05-04,Darkaiser2/app1-control-change-assistant,/Darkaiser2/app1-control-change-assistant,Overview,2,1
2026-05-04,Darkaiser2/app2-algotrader,/Darkaiser2/app2-algotrader,Overview,2,1
2026-05-04,Darkaiser2/app2-algotrader,/Darkaiser2/app2-algotrader/commit/618697e4d14a5127243f9fb25156e11e562437cb,/commit/618697e4d14a5127243f9fb25156e11e562437cb,1,1
2026-05-04,Darkaiser2/ccna-sim,/Darkaiser2/ccna-sim,Overview,1,1
2026-05-04,Darkaiser2/claude-memory,/Darkaiser2/claude-memory,Overview,1,1
2026-05-04,Darkaiser2/portfolio,/Darkaiser2/portfolio,Overview,3,1
2026-05-04,Darkaiser2/portfolio,/Darkaiser2/portfolio/blob/master/index.html,/blob/master/index.html,1,1
2026-05-04,Darkaiser2/portfolio,/Darkaiser2/portfolio/new/master,/new/master,1,1
