snapshot_date,repo,referrer,count,uniques
2026-05-03,Darkaiser2/app1-control-change-assistant,github.com,2,1
2026-05-03,Darkaiser2/app2-algotrader,github.com,1,1
2026-05-03,Darkaiser2/claude-memory,github.com,1,1
2026-05-04,Darkaiser2/app1-control-change-assistant,github.com,2,1
2026-05-04,Darkaiser2/app2-algotrader,github.com,1,1
2026-05-04,Darkaiser2/claude-memory,github.com,1,1
2026-05-04,Darkaiser2/portfolio,github.com,5,1
2026-05-05,Darkaiser2/app1-control-change-assistant,github.com,2,1
2026-05-05,Darkaiser2/app2-algotrader,github.com,1,1
2026-05-05,Darkaiser2/claude-memory,github.com,1,1
2026-05-05,Darkaiser2/gh-traffic-logger,github.com,1,1
2026-05-05,Darkaiser2/portfolio,github.com,5,1
2026-05-06,Darkaiser2/app1-control-change-assistant,github.com,2,1
2026-05-06,Darkaiser2/app2-algotrader,github.com,1,1
2026-05-06,Darkaiser2/claude-memory,github.com,1,1
2026-05-06,Darkaiser2/gh-traffic-logger,github.com,1,1
2026-05-06,Darkaiser2/portfolio,github.com,5,1
2026-05-07,Darkaiser2/app1-control-change-assistant,github.com,2,1
2026-05-07,Darkaiser2/claude-memory,github.com,1,1
2026-05-07,Darkaiser2/gh-traffic-logger,github.com,1,1
2026-05-07,Darkaiser2/portfolio,github.com,5,1
2026-05-08,Darkaiser2/app1-control-change-assistant,github.com,2,1
2026-05-08,Darkaiser2/claude-memory,github.com,1,1
2026-05-08,Darkaiser2/gh-traffic-logger,github.com,1,1
2026-05-08,Darkaiser2/portfolio,github.com,5,1
2026-05-09,Darkaiser2/app1-control-change-assistant,github.com,2,1
2026-05-09,Darkaiser2/claude-memory,github.com,1,1
2026-05-09,Darkaiser2/gh-traffic-logger,github.com,1,1
2026-05-09,Darkaiser2/portfolio,github.com,5,1
2026-05-10,Darkaiser2/app1-control-change-assistant,github.com,2,1
2026-05-10,Darkaiser2/claude-memory,github.com,1,1
2026-05-10,Darkaiser2/gh-traffic-logger,github.com,1,1
2026-05-10,Darkaiser2/portfolio,github.com,5,1
2026-05-11,Darkaiser2/app1-control-change-assistant,github.com,2,1
2026-05-11,Darkaiser2/claude-memory,github.com,1,1
2026-05-11,Darkaiser2/gh-traffic-logger,github.com,1,1
2026-05-11,Darkaiser2/portfolio,github.com,5,1
2026-05-12,Darkaiser2/app1-control-change-assistant,github.com,2,1
2026-05-12,Darkaiser2/claude-memory,github.com,1,1
2026-05-12,Darkaiser2/gh-traffic-logger,github.com,1,1
2026-05-12,Darkaiser2/portfolio,github.com,5,1
